INSERT INTO publisher (id, name, address)
VALUES (1, 'Penguin Books', 'London, UK'),
       (2, 'HarperCollins', 'New York, USA'),
       (3, 'Simon & Schuster', 'New York, USA'),
       (4, 'Macmillan Publishers', 'London, UK'),
       (5, 'Hachette Livre', 'Paris, France'),
       (6, 'Scholastic', 'New York, USA'),
       (7, 'Random House', 'New York, USA'),
       (8, 'Pearson', 'London, UK'),
       (9, 'Oxford University Press', 'Oxford, UK'),
       (10, 'Cambridge University Press', 'Cambridge, UK'),
       (11, 'Springer', 'Berlin, Germany'),
       (12, 'Elsevier', 'Amsterdam, Netherlands'),
       (13, 'Wiley', 'Hoboken, USA'),
       (14, 'McGraw-Hill', 'New York, USA'),
       (15, 'Thomson Reuters', 'Toronto, Canada'),
       (16, 'Cengage', 'Boston, USA'),
       (17, 'Taylor & Francis', 'Oxford, UK'),
       (18, 'SAGE Publications', 'Thousand Oaks, USA'),
       (19, 'Kogan Page', 'London, UK'),
       (20, 'MIT Press', 'Cambridge, USA');

INSERT INTO author (id, first_name, last_name, bio)
VALUES (1, 'John', 'Doe', 'Expert in AI'),
       (2, 'Jane', 'Smith', 'Specialist in ML'),
       (3, 'Alice', 'Johnson', 'Data Scientist'),
       (4, 'Bob', 'Brown', 'Historian'),
       (5, 'Carol', 'White', 'Mathematician'),
       (6, 'Dave', 'Clark', 'Physicist'),
       (7, 'Eve', 'Davis', 'Biologist'),
       (8, 'Frank', 'Miller', 'Chemist'),
       (9, 'Grace', 'Wilson', 'Philosopher'),
       (10, 'Hank', 'Moore', 'Sociologist'),
       (11, 'Ivy', 'Taylor', 'Economist'),
       (12, 'Jack', 'Anderson', 'Psychologist'),
       (13, 'Kathy', 'Thomas', 'Linguist'),
       (14, 'Leo', 'Jackson', 'Political Scientist'),
       (15, 'Mia', 'Martin', 'Educator'),
       (16, 'Nick', 'Lee', 'Anthropologist'),
       (17, 'Olivia', 'Perez', 'Artist'),
       (18, 'Paul', 'Thompson', 'Musician'),
       (19, 'Quinn', 'Harris', 'Theologian'),
       (20, 'Rachel', 'Young', 'Engineer');

INSERT INTO book (id, title, publication_date, publisher_id)
VALUES (1, 'AI for Beginners', '2020-01-01', 1),
       (2, 'Advanced Machine Learning', '2020-05-15', 2),
       (3, 'Data Science Essentials', '2021-03-10', 3),
       (4, 'World History', '2019-11-20', 4),
       (5, 'Mathematics Simplified', '2018-06-05', 5),
       (6, 'The Quantum Realm', '2020-08-08', 6),
       (7, 'Biology 101', '2022-02-02', 7),
       (8, 'Organic Chemistry', '2021-07-07', 8),
       (9, 'Philosophy of Mind', '2019-09-09', 9),
       (10, 'Modern Sociology', '2020-12-12', 10),
       (11, 'Economics Explained', '2017-04-04', 11),
       (12, 'Introduction to Psychology', '2016-10-10', 12),
       (13, 'Linguistics Today', '2018-02-02', 13),
       (14, 'Political Systems', '2021-01-01', 14),
       (15, 'Education in the 21st Century', '2021-06-06', 15),
       (16, 'Cultural Anthropology', '2020-03-03', 16),
       (17, 'The Art Book', '2022-05-05', 17),
       (18, 'Music Theory', '2019-08-08', 18),
       (19, 'Theology and Society', '2017-07-07', 19),
       (20, 'Engineering Basics', '2018-09-09', 20);

INSERT INTO book_author (book_id, author_id)
VALUES (1, 1),
       (2, 2),
       (3, 3),
       (4, 4),
       (5, 5),
       (6, 6),
       (7, 7),
       (8, 8),
       (9, 9),
       (10, 10),
       (11, 11),
       (12, 12),
       (13, 13),
       (14, 14),
       (15, 15),
       (16, 16),
       (17, 17),
       (18, 18),
       (19, 19),
       (20, 20),
       (1, 2),
       (1, 3),
       (2, 4),
       (2, 5),
       (3, 6),
       (4, 7),
       (5, 8),
       (6, 9),
       (7, 10),
       (8, 11);
